-- MySQL dump 10.13  Distrib 5.6.26, for osx10.10 (x86_64)
--
-- Host: localhost    Database: universe_db
-- ------------------------------------------------------
-- Server version	5.6.26

/*!40101 SET @OLD_CHARACTER_SET_CLIENT=@@CHARACTER_SET_CLIENT */;
/*!40101 SET @OLD_CHARACTER_SET_RESULTS=@@CHARACTER_SET_RESULTS */;
/*!40101 SET @OLD_COLLATION_CONNECTION=@@COLLATION_CONNECTION */;
/*!40101 SET NAMES utf8 */;
/*!40103 SET @OLD_TIME_ZONE=@@TIME_ZONE */;
/*!40103 SET TIME_ZONE='+00:00' */;
/*!40014 SET @OLD_UNIQUE_CHECKS=@@UNIQUE_CHECKS, UNIQUE_CHECKS=0 */;
/*!40014 SET @OLD_FOREIGN_KEY_CHECKS=@@FOREIGN_KEY_CHECKS, FOREIGN_KEY_CHECKS=0 */;
/*!40101 SET @OLD_SQL_MODE=@@SQL_MODE, SQL_MODE='NO_AUTO_VALUE_ON_ZERO' */;
/*!40111 SET @OLD_SQL_NOTES=@@SQL_NOTES, SQL_NOTES=0 */;

--
-- Table structure for table `albums`
--

DROP TABLE IF EXISTS `albums`;
/*!40101 SET @saved_cs_client     = @@character_set_client */;
/*!40101 SET character_set_client = utf8 */;
CREATE TABLE `albums` (
  `album_id` int(11) NOT NULL AUTO_INCREMENT,
  `artist_id` int(11) DEFAULT NULL,
  `title` varchar(64) NOT NULL,
  `genre` varchar(64) DEFAULT NULL,
  `year_released` year(4) DEFAULT NULL,
  `artwork` varchar(128) DEFAULT NULL,
  PRIMARY KEY (`album_id`),
  KEY `artist_id` (`artist_id`),
  CONSTRAINT `albums_ibfk_1` FOREIGN KEY (`artist_id`) REFERENCES `artists` (`artist_id`)
) ENGINE=InnoDB AUTO_INCREMENT=21 DEFAULT CHARSET=utf8;
/*!40101 SET character_set_client = @saved_cs_client */;

--
-- Dumping data for table `albums`
--

LOCK TABLES `albums` WRITE;
/*!40000 ALTER TABLE `albums` DISABLE KEYS */;
INSERT INTO `albums` VALUES (1,1,'Imaginaerum','Symphonic Metal',2011,'album_img1.jpg'),(2,1,'Century Child','Symphonic Metal',2003,'album_img2.jpg'),(3,1,'Endless Forms Most Beautiful','Symphonic Metal',2015,'album_img3.jpg'),(4,1,'Once','Symphonic Metal',2005,'album_img4.jpg'),(5,2,'Avenged Sevenfold','None',2007,'album_img5.jpg'),(6,4,'Philharmonics','Classical/Folk',2009,'album_img6.jpg'),(7,4,'Aventine',NULL,2013,NULL),(8,2,'Hail To The King','None',2013,'album_img8.png'),(9,2,'Nightmare','',2010,'album_img9.jpg'),(12,1,'Wishmaster','Power Metal',2000,'album_img12.jpg'),(13,3,'In Humor And Sadness','',2014,'album_img13.jpg'),(14,5,'Rage Against The Machine1','rap-metal',1998,'album_img14.jpg'),(15,8,'Vessel','Indie hip-hop',2013,'album_img8.jpg'),(16,10,'Ceremonials','Indie Rock',2011,NULL),(17,5,'Evil Empire','Rap Rock',1996,'album_img17.jpg'),(18,2,'Waking the Fallen','Metalcore',2003,NULL),(19,14,'Parachutes','Alternative',2000,NULL),(20,5,'Battle of LA','rap metal',2003,NULL);
/*!40000 ALTER TABLE `albums` ENABLE KEYS */;
UNLOCK TABLES;

--
-- Table structure for table `artists`
--

DROP TABLE IF EXISTS `artists`;
/*!40101 SET @saved_cs_client     = @@character_set_client */;
/*!40101 SET character_set_client = utf8 */;
CREATE TABLE `artists` (
  `artist_id` int(11) NOT NULL AUTO_INCREMENT,
  `biography` text,
  `name` varchar(64) NOT NULL,
  `genre` varchar(64) DEFAULT NULL,
  `country` varchar(64) DEFAULT NULL,
  `year_formed` year(4) DEFAULT NULL,
  PRIMARY KEY (`artist_id`)
) ENGINE=InnoDB AUTO_INCREMENT=15 DEFAULT CHARSET=utf8;
/*!40101 SET character_set_client = @saved_cs_client */;

--
-- Dumping data for table `artists`
--

LOCK TABLES `artists` WRITE;
/*!40000 ALTER TABLE `artists` DISABLE KEYS */;
INSERT INTO `artists` VALUES (1,'Nightwish is a Finnish symphonic metal band from Kitee, Finland. The band was formed in 1996 by lead songwriter and keyboardist Tuomas Holopainen, guitarist Emppu Vuorinen, and lead singer Tarja Turunen. The band soon picked up drummer Jukka Nevalainen, and then bassist Sami Vänska after the release of its debut album, Angels Fall First (1997). In 2002, Vanska was replaced by Marco Hietala, who also took over the male vocalist role previously filled by Holopainen or guest singers.','Nightwish','Symphonic Metal','Finland',1996),(2,'Avenged Sevenfold (sometimes abbreviated as A7X) is an American heavy metal band from Huntington Beach, California, formed in 1999. The band\'s current lineup consists of lead vocalist M. Shadows, rhythm guitarist and backing vocalist Zacky Vengeance, lead guitarist and backing vocalist Synyster Gates and bass guitarist Johnny Christ.\r\n\r\nThey are known for their diverse rock sound and dramatic imagery in album covers and merchandise.[1] Avenged Sevenfold emerged with a metalcore sound on their debut Sounding the Seventh Trumpet but their style had evolved by their third album and first major label release, City of Evil, into a heavy metal and hard rock style. The band continued to explore new sounds with their self-titled release and enjoyed continued mainstream success before their drummer, James \"The Rev\" Sullivan, died in 2009. Despite his death, the band continued on with help of now-former Dream Theater drummer Mike Portnoy and released and toured in support of their fifth album Nightmare in 2010 which debuted on the top spot of the Billboard 200, their first number one debut.[2] Their latest record Hail to the King released in 2013 marked the only album featuring drummer Arin Ilejay. Hail to the King charted as #1 on the US Billboard 200, the UK albums chart, as well as the Finnish, Brazilian, Canadian, and Irish charts.\r\n\r\nTo date, Avenged Sevenfold has released six studio albums, one live album/compilation/DVD, and eighteen singles and have sold over 3 million albums in the US.','Avenged Sevenfold','Metal','USA',1999),(3,'\'68 is an American rock duo that formed in 2013. The two-piece band features guitarist and vocalist Josh Scogin, formerly of the hardcore band The Chariot, and drummer Michael McClellan.','`68','Punk Rock','USA',2013),(4,'Morbi leo risus, porta ac consectetur ac, vestibulum at eros. Nulla vitae elit libero, a pharetra augue. Donec ullamcorper nulla non metus auctor fringilla. Morbi leo risus, porta ac consectetur ac, vestibulum at eros. Nulla vitae elit libero, a pharetra augue. Donec ullamcorper nulla non metus auctor fringilla.Morbi leo risus, porta ac consectetur ac, vestibulum at eros. Nulla vitae elit libero, a pharetra augue. Donec ullamcorper nulla non metus auctor fringilla.','Agnes Obel','Classical, Folk','Denmark',2009),(5,'they r a band','Rage Against The Machine1','rap-metal','USofA',1992),(6,'Morbi leo risus, porta ac consectetur ac, vestibulum at eros. Nulla vitae elit libero, a pharetra augue. Donec ullamcorper nulla non metus auctor fringilla. Morbi leo risus, porta ac consectetur ac, vestibulum at eros. Nulla vitae elit libero, a pharetra augue. Donec ullamcorper nulla non metus auctor fringilla.Morbi leo risus, porta ac consectetur ac, vestibulum at eros. Nulla vitae elit libero, a pharetra augue.','Nirvana','Grunge','USA',NULL),(7,'Morbi leo risus, porta ac consectetur ac, vestibulum at eros. Nulla vitae elit libero, a pharetra augue. Donec ullamcorper nulla non metus auctor fringilla. Morbi leo risus, porta ac consectetur ac, vestibulum at eros. Nulla vitae elit libero, a pharetra augue. Donec ullamcorper nulla non metus auctor fringilla.Morbi leo risus, porta ac consectetur ac, vestibulum at eros. Nulla vitae elit libero, a pharetra augue.','Adele','Soul','England',2006),(8,'Morbi leo risus, porta ac consectetur ac, vestibulum at eros. Nulla vitae elit libero, a pharetra augue. Donec ullamcorper nulla non metus auctor fringilla. Morbi leo risus, porta ac consectetur ac, vestibulum at eros. Nulla vitae elit libero, a pharetra augue. Donec ullamcorper nulla non metus auctor fringilla.Morbi leo risus, porta ac consectetur ac, vestibulum at eros. Nulla vitae elit libero, a pharetra augue.','Twenty One Pilots','Indie','USA',2009),(9,'Morbi leo risus, porta ac consectetur ac, vestibulum at eros. Nulla vitae elit libero, a pharetra augue. Donec ullamcorper nulla non metus auctor fringilla. Morbi leo risus, porta ac consectetur ac, vestibulum at eros. Nulla vitae elit libero, a pharetra augue. Donec ullamcorper nulla non metus auctor fringilla.Morbi leo risus, porta ac consectetur ac, vestibulum at eros. Nulla vitae elit libero, a pharetra augue.','The Beatles','Rock','England',1960),(10,'Florence and the Machine (styled as Florence + the Machine)[4] are an English indie rock band that formed in London in 2007, consisting of lead singer Florence Welch, Isabella Summers, and a collaboration of other artists. The band\'s music received praise across the media, especially from the BBC, which played a large part in their rise to prominence by promoting Florence and the Machine as part of BBC Introducing. At the 2009 Brit Awards they received the Brit Awards \"Critics\' Choice\" award. The band\'s music is renowned for its dramatic and eccentric production and also Welch\'s vocal performances.\r\n\r\nFlorence and the Machine\'s sound has been described as a combination of various genres, including rock and soul.[10][11] Lungs won the Brit Award for Best British Album in 2010. Florence and the Machine has been nominated for three Grammy Awards including Best New Artist. Additionally, the band performed at the 2010 MTV Video Music Awards and the 2010 Nobel Peace Prize Concert.','Florence + The Machine','Indie','England',2007),(11,'Morbi leo risus, porta ac consectetur ac, vestibulum at eros. Nulla vitae elit libero, a pharetra augue. Donec ullamcorper nulla non metus auctor fringilla. Morbi leo risus, porta ac consectetur ac, vestibulum at eros. Nulla vitae elit libero, a pharetra augue. Donec ullamcorper nulla non metus auctor fringilla.Morbi leo risus, porta ac consectetur ac, vestibulum at eros. Nulla vitae elit libero, a pharetra augue.\r\n\r\n','Protest the Hero','Progressive Metal','Canada',2001),(12,'TEST TES TEST','Sublime','Rock/Regae','USA',1980),(13,'A band from Newfoundland.','Hey Rosetta!','Indie Rock','Canada',2006),(14,'A bandd from Great Brittain.','Coldplay','Alternative','England',1998);
/*!40000 ALTER TABLE `artists` ENABLE KEYS */;
UNLOCK TABLES;

--
-- Table structure for table `composers`
--

DROP TABLE IF EXISTS `composers`;
/*!40101 SET @saved_cs_client     = @@character_set_client */;
/*!40101 SET character_set_client = utf8 */;
CREATE TABLE `composers` (
  `composer_id` int(11) NOT NULL AUTO_INCREMENT,
  `track_id` int(11) DEFAULT NULL,
  `name` varchar(64) NOT NULL,
  PRIMARY KEY (`composer_id`),
  KEY `track_id` (`track_id`),
  CONSTRAINT `composers_ibfk_1` FOREIGN KEY (`track_id`) REFERENCES `tracks` (`track_id`)
) ENGINE=InnoDB DEFAULT CHARSET=utf8;
/*!40101 SET character_set_client = @saved_cs_client */;

--
-- Dumping data for table `composers`
--

LOCK TABLES `composers` WRITE;
/*!40000 ALTER TABLE `composers` DISABLE KEYS */;
/*!40000 ALTER TABLE `composers` ENABLE KEYS */;
UNLOCK TABLES;

--
-- Table structure for table `members`
--

DROP TABLE IF EXISTS `members`;
/*!40101 SET @saved_cs_client     = @@character_set_client */;
/*!40101 SET character_set_client = utf8 */;
CREATE TABLE `members` (
  `member_id` int(11) NOT NULL AUTO_INCREMENT,
  `artist_id` int(11) NOT NULL,
  `name` varchar(64) NOT NULL,
  `role` varchar(64) DEFAULT NULL,
  PRIMARY KEY (`member_id`),
  KEY `artist_id` (`artist_id`),
  CONSTRAINT `members_ibfk_1` FOREIGN KEY (`artist_id`) REFERENCES `artists` (`artist_id`)
) ENGINE=InnoDB AUTO_INCREMENT=8 DEFAULT CHARSET=utf8;
/*!40101 SET character_set_client = @saved_cs_client */;

--
-- Dumping data for table `members`
--

LOCK TABLES `members` WRITE;
/*!40000 ALTER TABLE `members` DISABLE KEYS */;
INSERT INTO `members` VALUES (1,1,'Tuomas Holopainen','Piano/Keyboard'),(2,1,'Floor Jansen','Vocals'),(3,2,'M Shadows','Vocals'),(4,3,'Agnes Obel',NULL),(5,2,'Synister Gates','Lead Guitar / Backing Vocals'),(6,1,'Marco Hietala','Bass/Vocals'),(7,5,'Tom Morello','Guitar/DJ');
/*!40000 ALTER TABLE `members` ENABLE KEYS */;
UNLOCK TABLES;

--
-- Table structure for table `tracks`
--

DROP TABLE IF EXISTS `tracks`;
/*!40101 SET @saved_cs_client     = @@character_set_client */;
/*!40101 SET character_set_client = utf8 */;
CREATE TABLE `tracks` (
  `track_id` int(11) NOT NULL AUTO_INCREMENT,
  `album_id` int(11) DEFAULT NULL,
  `track_no` int(2) NOT NULL DEFAULT '0',
  `title` varchar(64) NOT NULL,
  `lyrics` text NOT NULL,
  `media_link` varchar(255) DEFAULT NULL,
  PRIMARY KEY (`track_id`),
  KEY `album_id` (`album_id`),
  CONSTRAINT `tracks_ibfk_1` FOREIGN KEY (`album_id`) REFERENCES `albums` (`album_id`)
) ENGINE=InnoDB AUTO_INCREMENT=66 DEFAULT CHARSET=utf8;
/*!40101 SET character_set_client = @saved_cs_client */;

--
-- Dumping data for table `tracks`
--

LOCK TABLES `tracks` WRITE;
/*!40000 ALTER TABLE `tracks` DISABLE KEYS */;
INSERT INTO `tracks` VALUES (1,4,1,'Dark Chest Of Wonders','Once I had a dream\r\nAnd this is it\r\n\r\nOnce there was a child\'s dream\r\nOne night the clock struck twelve\r\nThe window open wide\r\nOnce there was a child\'s heart\r\nThe age I learned to fly\r\nAnd took a step outside\r\n\r\nOnce I knew all the tales\r\nIt\'s time to turn back time\r\nFollow the pale moonlight\r\nOnce I wished for this night\r\nFaith brought me here\r\nIt\'s time to cut the rope and fly\r\n\r\nFly to a dream\r\nFar across the sea\r\nAll the burdens gone\r\nOpen the chest once more\r\nDark chest of wonders\r\nSeen through the eyes\r\nOf the one with pure heart\r\nOnce so long ago\r\n\r\nThe one in the Big Blue is what the world stole from me\r\nThis night will bring him back to me\r\n\r\nFly to a dream...','None'),(2,4,3,'Nemo','This is me for forever\r\nOne of the lost ones\r\nThe one without a name\r\nWithout an honest heart as compass\r\nThis is me for forever\r\nOne without a name\r\nThese lines the last endeavor\r\nTo find the missing lifeline\r\n\r\nOh how I wish\r\nFor soothing rain\r\nAll I wish is to dream again\r\nMy loving heart\r\nLost in the dark\r\nFor hope I\'d give my everything\r\n\r\nMy flower, withered between\r\nThe pages 2 and 3\r\nThe once and forever bloom gone with my sins\r\nWalk the dark path\r\nSleep with angels\r\nCall the past for help\r\nTouch me with your love\r\nAnd reveal to me my true name\r\n\r\nOh how I wish\r\nFor soothing rain\r\nAll I wish is to dream again\r\nMy loving heart\r\nLost in the dark\r\nFor hope I\'d give my everything\r\nOh how I wish\r\nFor soothing rain\r\nOh how I wish to dream again\r\nOnce and for all\r\nAnd all for once\r\nNemo my name forevermore\r\n\r\nNemo sailing home\r\nNemo letting go\r\n\r\nOh how I wish\r\nFor soothing rain\r\nAll I wish is to dream again\r\nMy loving heart\r\nLost in the dark\r\nFor hope I\'d give my everything\r\nOh how I wish\r\nFor soothing rain\r\nOh how I wish to dream again\r\nOnce and for all\r\nAnd all for once\r\nNemo my name forevermore','https://www.youtube.com/watch?v=kIBdpFJyFkc'),(3,4,2,'Wish I Had An Angel','I wish I had an angel for one moment...','None'),(4,2,1,'Bless The Child','Think of me long enough to make a memory.',NULL),(5,2,2,'End Of All Hope','This is...','None'),(6,2,3,'Dead To The World','All the same take me away...',NULL),(7,2,4,'Ever Dream','Ever felt a way with me...',NULL),(8,5,0,'Almost Easy','I feel insane every single time I\'m asked to compromise...',NULL),(9,5,8,'A Little Piece Of Heaven','The Rev...',''),(10,5,1,'Afterlife','Like walking into a dream...',''),(11,8,1,'Shepherd Of Fire','Let\'s take a moment and break the ice\r\nSo my intentions are known\r\nSee I have pity in watching you suffer\r\nI know the feeling of being damned alone\r\nI\'ve got a storybook of my own\r\n\r\nDon\'t you see I am your pride,\r\nAgent of wealth,\r\nBearer of needs? (And you know it\'s right)\r\nI am your war\r\nArming the strong\r\nAiding the weak\r\nKnow me by name\r\nShepherd of fire\r\n\r\nWell I can promise you paradise\r\nNo need to serve on your knees\r\nAnd when you\'re lost in the darkest of hours\r\nTake a moment and tell me who you see\r\nWon\'t tell you who not to be\r\n\r\nNow you know I am your pride,\r\nAgent of wealth,\r\nBearer of needs. (And you know it\'s right)\r\nI am your war\r\nArming the strong\r\nAiding the weak\r\nKnow me by name\r\nShepherd of fire\r\n\r\nDisciple of the cross and champion in the suffering\r\nImmerse yourself into the kingdom of redemption\r\nHarden your mind through the chains of the divine\r\nMake way for the shepherd of fire\r\n\r\nThrough the ages of time\r\nI\'ve been known for my hate\r\nBut I\'m a dealer of simple choices\r\nFor me it\'s never too late\r\n\r\nI am your pride,\r\nAgent of wealth,\r\nBearer of needs. (And you know it\'s right)\r\nI am your war\r\nArming the strong\r\nAiding the weak\r\n\r\nI am your wrath.\r\nI am your guilt.\r\nI am your lust. (And you know it\'s right)\r\nI am your law.\r\nI am your star.\r\nI am your trust.\r\n\r\nKnow me by name\r\nShepherd of fire',''),(12,8,2,'Hail To The King','Watch your tongue or have it cut from your head\r\nSave your life by keeping whispers unsaid\r\nChildren roam the streets, now orphans of war\r\nBodies hanging in the streets to adore\r\n\r\nRoyal flames will carve a path in chaos,\r\nBringing daylight to the night\r\nDeath is riding into town with armor,\r\nThey\'ve come to take all your rights\r\n\r\nHail to the king, hail to the one\r\nKneel to the crown, stand in the sun\r\nHail to the king\r\n\r\nHail!\r\nHail!\r\nHail!\r\nThe King...\r\n\r\nBlood is spilt while holding keys to the throne\r\nBorn again, but it\'s too late to atone\r\nNo mercy from the edge of the blade\r\nDare escape and learn the price to be paid\r\n\r\nLet the water flow with shades of red now\r\nArrows black out all the light (light)\r\nDeath is riding into town with armor,\r\nThey\'ve come to grant you your rights\r\n\r\nHail to the king, hail to the one\r\nKneel to the crown, stand in the sun\r\nHail to the king\r\n\r\nHail!\r\nHail!\r\nHail!\r\nThe King...\r\n\r\n[Solo]\r\n\r\nThere\'s a taste of fear (hail, hail, hail)\r\nWhen the henchmen call (hail, hail, hail)\r\nIron fist to tame the land (hail, hail, hail)\r\nIron fist to claim it all\r\n\r\nHail to the king, hail to the one\r\nKneel to the crown, stand in the sun\r\n\r\nHail to the king, hail to the one\r\nKneel to the crown, stand in the sun\r\nHail to the king!\r\n\r\nHail!\r\nHail!\r\nHail!','None'),(13,1,2,'Storytime','\'Twas the night before\nWhen all through the world\nNo words, no dreams, then one day\n\nA writer by a fire\nImagined all of Gaia\nTook a journey into a child-man\'s heart',NULL),(15,1,3,'Ghost River','It\'s a long road down the river deep \'n wild\r\nEvery twist and turn a wonder-dale\r\nIt\'s a scary ride we\'d give anything to take\r\nLet yourself bleed\r\nLeave a footprint on every island you see\r\n\r\nHey you, child of rape, the riverbed awaits\r\nSnow white, pitch-black, your life such strife\r\nHeavenward, deep down, I\'ll show you such sights\r\nBelieve it, we live as we dream / scream\r\n\r\n\"He will go down he will drown drown, deeper down\r\nThe river wild will take your only child\r\nHe will go down he will drown drown, deeper down\r\nThe mills grind slow in a riverbed ghost town\r\nHe will go down he will drown drown, deeper down\r\nIf you want me, then do come across\"\r\n\r\nWhat is it you dream of, child of mine?\r\nThe magic ride, the mermaid cove?\r\nNever met a kinder heart than yours\r\nLet it bleed\r\nLeave a footprint on every island you see\r\n\r\n\"I am the painted faces, the toxic kiss\r\nSowing of doubt, troll beneath the bridge\r\nCome across\r\nDeath by a thousand cuts\r\nBelieve it, we live as we dream / scream\"\r\n\r\n\"I am the desert-scape, the sand inside your hourglass\r\nI am the fear and abuse, the leper children\r\nEvery eye sewn shut\"\r\n\r\n\"We will go down we will drown drown, deeper down\r\nThe river wild will be our last ride\r\nWe will go down we will drown drown, deeper down\r\nThe mills grind slow in a riverbed ghost town\"\r\n\r\nBeautifully shy as you are\r\nNever lose your heart\r\nAnd do come across',''),(16,1,6,'Scaretale','Once upon a time in a daymare\r\nDying to meet you, little child, enter enter this sideshow\r\n\r\nTime for bed the cradle still rocks\r\n13 chimes on a dead man\'s clock,\r\nTick-tock, tick-tock, tick-tock\r\n\r\nThe bride will lure you, cook you, eat you\r\nYour dear innocence boiled to feed the evil in need of fear\r\n\r\nBurning farms and squealing pigs\r\nA pool of snakes to swim with, oh sweet poison\r\nbite me bite me\r\n\r\n\"Ladies and gentlemen\r\nBe heartlessly welcome!\r\nTo Cirque De Morgue\r\nAnd what a show we have for you tonight!\"\r\n\r\nRestless souls will put on their dancing shoes\r\nMindless ghouls with lot of limbs to lose\r\nIllusionists, contortionist,\r\nTightrope - walkers tightening the noose\r\n\r\nHorde of spiders, closet tentacles\r\nLaughing harpies with their talons ripping,\r\nsher-chrisss, per-vizzz\r\n\r\nThe pendulum still sways for you\r\nSuch are the darks here to show you, child in a corner,\r\nfallen mirrors, all kingdom in cinders',''),(17,4,4,'Planet Hell','Denying the lying\r\nA million children fighting\r\nFor lives in strife\r\nFor hope beyond the horizon\r\n\r\nA dead world\r\nA dark path\r\nNot even crossroads to choose from\r\nAll the bloodred\r\nCarpets before me\r\nBehold this fair creation of God\r\n\r\nMy only wish to leave behind\r\nAll the days of the Earth\r\nAn everyday hell of my kingdom come\r\n\r\nThe first rock thrown again\r\nWelcome to hell, little Saint\r\nMother Gaia in slaughter\r\nWelcome to paradise, Soldier\r\n\r\nMy first cry neverending\r\nAll life is to fear for life\r\nYou fool, you wanderer\r\nYou challenged the gods and lost\r\n\r\nSave yourself a penny for the ferryman\r\nSave yourself and let them suffer\r\nIn hope\r\nIn love\r\nThis world ain\'t ready for The Ark\r\n\r\nSave yourself a penny for the ferryman\r\nSave yourself and let them suffer\r\nIn hope\r\nIn love\r\nMankind works in mysterious ways\r\n\r\nWelcome down to my Planet Hell\r\n\r\nSave yourself a penny for the ferryman\r\nSave yourself and let them suffer\r\nIn hope\r\nIn love\r\nThis world ain\'t ready for The Ark\r\n\r\nSave yourself a penny for the ferryman\r\nSave yourself and let them suffer\r\nIn hope\r\nIn love\r\nMankind works in mysterious ways',''),(18,4,5,'Creek Mary\\\'s Blood','[Singing in Lakotan]\r\n\r\nSoon I will be here no more\r\nYou\'ll hear the tale\r\nThrough my blood\r\nThrough my people\r\nAnd the eagle\'s cry\r\nThe bear within will never lay to rest\r\n\r\nWandering on Horizon Road\r\nFollowing the trail of tears\r\n\r\nWhite man came\r\nSaw the blessed land\r\nWe cared, you took\r\nYou fought, we lost\r\nNot the war but an unfair fight\r\nSceneries painted beautiful in blood\r\n\r\nWandering on Horizon Road\r\nFollowing the trail of tears\r\nOnce we were here\r\nWhere we have lived since the world began\r\nSince time itself gave us this land\r\n\r\n[Singing in Lakotan]\r\n\r\nOur souls will join again the wild\r\nOur home in peace \'n war \'n death\r\n\r\nWandering on Horizon Road...\r\nFollowing the trail of tears\r\nOnce we were here\r\nWhere we have been since the world began\r\nSince time itself gave us this land\r\n\r\n[Poem in Lakotan:]\r\nHanhepi iyuha mi ihanbla ohinni yelo\r\n\r\nÒn sunkmanitutankapi hena,\r\nsunkawakanpi watogha hena,\r\n\r\noblaye t\'ankapi oihankesni hena\r\n\r\nT\'at\'epi kin asni kiyasni he\r\nakatanhanpi iwankal\r\n\r\nOblaye t\'anka kin\r\nosicesni mitakuyepi òn\r\n\r\nMakoce kin wakan\r\nWakan Tanka kin òn\r\n\r\nMiwicala ohinni - Hanhepi iyuha\r\nkici - Anpetu iyuha kici yelo\r\n\r\nMi yececa hehaka kin yelo, na\r\nni yececa sunkmanitutankapi\r\n\r\nkin ka mikaga wowasaka isom\r\n\r\nUncinpi tuweni nitaku keyas ta k\'u\r\n\r\nUnwakupi e\'cela e wiconi\r\nwanji unmakainapi ta yelo\r\n\r\nAnpetu waste e wan olowan\r\nle talowan winyan ta yelo\r\n\r\nUnwanagi pi lel e nita it\'okab o\'ta ye\r\n\r\nUntapi it\'okab o\'ta\r\n\r\nNa e kte ena òn hanska ohakap\r\nni itansni a\'u nita ni ihanke yelo\r\n\r\n[Poem English translation:]\r\n\"I still dream every night\r\nOf them wolves, them mustangs, those endless prairies\r\nThe restless winds over mountaintops\r\nThe unspoilt frontier of my kith n\'kin\r\nThe hallowed land of the Great Spirit\r\nI still believe\r\nIn every night\r\nIn every day\r\nI am like the caribou\r\nAnd you like the wolves that make me stronger\r\nWe never owed you anything\r\nOur only debt is one life for our Mother\r\nIt was a good day to chant this song\r\nFor Her\r\n\r\nOur spirit was here long before you\r\nLong before us\r\nAnd long will it be after your pride brings you to your end \"',''),(19,1,4,'Slow, Love, Slow','Come and share this painting with me\r\nUnveiling of me, the magician that never failed\r\n\r\nThis deep sigh coiled around my chest\r\nIntoxicated by a major chord\r\nI wonder\r\nDo I love you or the thought of you?\r\n\r\nSlow, love, slow\r\nOnly the weak are not lonely\r\n\r\nSouthern blue, morning dew\r\nLet-down-your-guards, I-love-you\'s\r\nIce-cream castles, lips-to-ear rhymes\r\nA slumber deeper than time\r\n\r\nSlow, love, slow\r\nOnly the weak are not lonely',''),(20,1,1,'Takatalvi','Lapsistain rakkain tää näyttämö on\r\nMis kuutamo kujillaan kulkee\r\nTaipunut havu, kesä hoivassa sen\r\nValkomeren niin aavan\r\nJoka aavekuun siivin\r\nSaapuu mut kotiin noutamaan\r\n\r\nPäällä talvisen maan hetki kuin ikuisuus\r\nMi pienen kissan jakoin luokseni hiipii\r\nTääl tarinain lähteellä asua saan mis\r\nViulu valtavan kaihon\r\nIkisäveltään maalaa\r\nLaulullaan herättää maan',''),(21,1,7,'Turn Loose The Mermaids','A kite above a graveyard grey\r\nAt the end of the line far far away\r\nA child holding on to the magic of birth and awe\r\n\r\nOh, how beatiful it used to be\r\nJust you and me far beyond the sea\r\nThe waters, scarce in motion\r\nQuivering still\r\n\r\nAt the end of the river the sundown beams\r\nAll the relics of a life long lived\r\nHere, weary traveller rest your wand\r\nSleep the journey from your eyes\r\n\r\nGood journey, love, time to go\r\nI checked your teeth and warmed your toes\r\nIn the horizon I see them coming for you\r\n\r\nThe mermaid grace, the forever call\r\nBeauty in spyglass on an old man\'s porch\r\nThe mermaids you turned loose brought back your tears',''),(22,3,1,'Shudder Before The Beautiful','The deepest solace lies in understanding,\r\nThis ancient unseen stream,\r\nA shudder before the beautiful\r\n\r\nAwake, oceanborn\r\nBehold this force\r\nBring the outside in\r\nExplode the self to epiphany\r\n\r\nThe very core of life\r\nThe soaring high of truth and light\r\n\r\nThe music of this awe\r\nDeep silence between the notes\r\nDeafens me with endless love\r\nThis vagrant Island Earth\r\nA pilgrim shining bright\r\nWe are shuddering before the beautiful\r\nBefore the plentiful\r\nWe, the voyagers\r\n\r\nTales from the seas\r\nCathedral of green\r\n\r\nThe very core of life\r\nThe soaring high of truth and light\r\n\r\nThe music of this awe\r\nDeep silence between the notes\r\nDeafens me with endless love\r\nThis vagrant Island Earth\r\nA pilgrim shining bright\r\nWe are shuddering before the beautiful\r\nBefore the plentiful\r\nWe, the voyagers\r\n\r\nThe unknown, the grand show, the choir of the stars\r\nInterstellar theatre play, the nebulae curtain falls\r\nImagination, evolution, a species from the vale\r\nWalks in wonder in search of the source of the tale\r\n\r\nThe music of this awe\r\nDeep silence between the notes\r\nDeafens me with endless love\r\nThis vagrant Island Earth\r\nA pilgrim shining bright\r\nWe are shuddering before the beautiful\r\nBefore the plentiful\r\nWe, the voyagers',''),(23,3,2,'Weak Fantasy','These stories given to us all\r\nAre filled with sacrifice and robes of lust\r\nDissonant choirs and downcast eyes\r\nSelfhood of a condescending ape\r\n\r\nBehold the crown of a heavenly spy\r\nForged in blood of those who defy\r\nKiss the ring, praise and sing\r\nHe loves you dwelling in fear and sin\r\n\r\nFear is a choice you embrace\r\n\r\nYour only truth\r\nTribal poetry\r\nWitchcraft filling your void\r\nLust for fantasy\r\nMale necrocracy\r\nEvery child worthy of a better tale\r\n\r\nPick your author from à la carte fantasy\r\nFilled with suffering and slavery\r\nYou live only for the days to come\r\nShoveling trash of the upper caste\r\n\r\nSmiling mouth in a rotting head\r\nSucking dry the teat of the scared\r\nA storytelling breed we are\r\nA starving crew with show-off toys\r\n\r\nFear is a choice you embrace\r\n\r\nYour only truth\r\nTribal poetry\r\nWitchcraft filling your void\r\nLust for fantasy\r\nMale necrocracy\r\nEvery child worthy of a better tale\r\n\r\nFrom words into war of the worlds\r\nThis one we forsake with scorn\r\nFrom lies, the strength of our love\r\nMother\'s milk laced with poison for this newborn\r\n\r\nWake up child, I have a story to tell \r\nOnce upon a time\r\n\r\nYour only truth\r\nTribal poetry\r\nWitchcraft filling your void\r\nLust for fantasy\r\nFantasy\r\nMale necrocracy\r\nEvery child worthy of a better tale',''),(24,3,3,'Elan','Leave the sleep and let the springtime talk\r\nIn tongues from the time before man\r\nListen to a daffodil tell her tale\r\nLet the guest in, walk out, be the first to greet the morn\r\n\r\nThe meadows of heaven await harvest\r\nThe cliffs unjumped, cold waters untouched\r\nThe elsewhere creatures yet unseen\r\nFinally your number came up, free fall awaits the brave\r\n\r\nCome\r\nTaste the wine\r\nRace the blind\r\nThey will guide you from the light\r\nWriting noughts till the end of time\r\nCome\r\nSurf the clouds\r\nRace the dark\r\nIt feeds from the runs undone\r\nMeet me where the cliff greets the sea\r\n\r\nThe answer to the riddle before your eyes\r\nIs in dead leaves and fleeting skies\r\nReturning swans and sedulous mice\r\nWritings on the gardens book, in the minute of a lover\'s look\r\n\r\nBuilding a sandcastle close to the shore\r\nA house of cards from a worn out deck\r\nA home from the fellowship, poise and calm\r\nWrite a lyric for the song only you can understand\r\n\r\nCome\r\nTaste the wine\r\nRace the blind\r\nThey will guide you from the light\r\nWriting noughts till the end of time\r\nCome\r\nSurf the clouds\r\nRace the dark\r\nIt feeds from the runs undone\r\nMeet me where the cliff greets the sea\r\n\r\nRiding hard every shooting star\r\nCome to life, open mind, have a laugh at the orthodox\r\nCome, drink deep let the dam of mind seep\r\nTravel with great élan, dance a jig at the funeral\r\n\r\nCome\r\nTaste the wine\r\nRace the blind\r\nThey will guide you from the light\r\nWriting noughts till the end of time\r\nCome\r\nSurf the clouds\r\nRace the dark\r\nIt feeds from the runs undone\r\nMeet me where the cliff greets the sea\r\n\r\nCome!',''),(25,3,4,'Yours Is An Empty Hope','Tear me to bits enjoy the scene\r\nOf screen name verbal vanity\r\nChurning the words imbued in filth\r\nYour tongue oily water under my bridge\r\n\r\nYou have the world, it\'s all for you\r\nI wish you\'d find the lost in you\r\nGrateful for the pain, it proves we\'re alive\r\nCan you feel it\r\n\r\nI can\'t make you want the truth\r\nIt\'s up to you\r\n\r\nYours is an empty hope\r\nYours is an empty hope\r\n\r\nFeed me to pigs in your fantasies\r\nYour sea roars bitter elegies\r\nLike Narcissus who bribes the pool\r\nA hollow voice, ruin with a roof\r\n\r\nStop! Life is now, still all for you\r\nTurn from the hate, turn from the smoke\r\nI see the parchment of your soul\r\nThe notes, the song\r\nJoin your voice\r\n\r\nI can let you have the world\r\nIt\'s all for you\r\n\r\nYours is an empty hope\r\nYours is an empty hope\r\n\r\nYours! Is! An!... Empty hope!\r\nYours! Is! An!... Join in now!\r\n\r\nI can let you have the world, it\'s all for you.\r\n\r\nYours is an empty hope\r\nYours is an empty hope\r\nYours is an empty hope\r\nYours is an empty hope',''),(26,3,5,'Our Decades In The Sun','I climbed off your back\r\nNot so long ago\r\nTo a blooming meadow\r\nTo a path you\'d made for the lightest feet\r\n\r\nMother\r\nI am always close to you\r\nI will be waving every time you leave\r\nOh, I am you\r\nThe care, the love, the memories\r\nWe are the story of one\r\n\r\nFather\r\nI am always close to you\r\nI will be waving every time you leave\r\nOh, I am you\r\nThe care, the love, the memories\r\nYou are forever in me\r\n\r\nThis verse we wrote\r\nOn a road home\r\nFor you\r\nAll this for you\r\nAll this for you\r\n\r\nOur walk has been sublime\r\nA soaring ride and gentle lead\r\nYou have the heart of a true friend\r\nOne day we\'ll meet on that shore again\r\n\r\nMother\r\nI am always close to you\r\nI will be waving every time you leave\r\nOh, I am you\r\nThe care, the love, the memories\r\nWe are the story of one\r\n\r\nFather\r\nI am always close to you\r\nI will be waving every time you leave\r\nOh, I am you\r\nThe care, the love, the memories\r\nYou are forever in me',''),(27,3,6,'My Walden','Sain y niwl,\r\nGaunt y goydwig fwsog,\r\nGwenithfaen, cen y coed, a\'r lleuad,\r\nUn gway f\'adenydd i dapestri bywyd\r\n\r\nLight shines bright beyond all the cities of gold\r\nOn a road of birdsong and chocolate shops\r\nOf buskers, jugglers, innkeeper\'s welcoming call\r\nThe sound of mist, smell of moss-grown woods\r\n\r\nWeaving my wings from many-colored yarns\r\nFlying higher, higher, higher\r\nInto the wild\r\nWeaving my world into tapestry of life\r\nIts fire golden\r\nIn my Walden\r\n\r\nI will taste the manna in every tree\r\nLiquid honey and wine from the distant hills\r\nAn early morning greenwood concerto\r\nGreets my Walden with its eternal voice\r\n\r\nWeaving my wings from many-colored yarns\r\nFlying higher, higher, higher\r\nInto the wild\r\nWeaving my world into tapestry of life\r\nIts fire golden\r\nIn my Walden\r\n\r\nWeaving my wings from many-colored yarns\r\nFlying higher, higher, higher\r\nInto the wild\r\nWeaving my world into tapestry of life\r\nIts fire golden\r\nIn my Walden\r\n\r\nWeaving my wings from many-colored yarns\r\nFlying higher, higher, higher...\r\n\r\nI do not wish to evade the world\r\nYet I will forever build my own\r\nForever build my own\r\nForever my home',''),(28,3,7,'Endless Forms Most Beautiful','Come on, hop on, let\'s take a ride\r\nCome and meet the travelers who came to town\r\nThey have a tale from the past to tell\r\nFrom the great dark between the stars\r\n\r\nWe are a special speck of dust\r\nA fleeting moment on an ark\r\nA celebration, a resthaven\r\nOf life\r\n\r\nLay on a field of green\r\nWith Mother Eve\r\nWith Father Pine reaching high\r\nLook at yourself in the eyes of aye-aye\r\nUnfolding rendezvous\r\n\r\nDeep into the past\r\nFollow the aeon path\r\nGreet a blade of grass\r\nEvery endless form most beautiful\r\nAlive, aware, in awe\r\nBefore the grandeur of it all\r\nOur floating pale blue ark\r\nOf endless forms most beautiful\r\n\r\nBeyond aeons we take a ride\r\nWelcoming the shrew that survived\r\nTo see the Tiktaalik take her first walk\r\nWitness the birth of flight\r\n\r\nDeeper down in Panthalassa\r\nA eukaryote finds her way\r\nWe return to the very first one\r\nGreet the one we\'ll soon become\r\n\r\nLay on a field of green\r\nWith Mother Eve\r\nWith Father Pine reaching high\r\nLook at yourself in the eyes of aye-aye\r\nUnfolding rendezvous\r\n\r\nDeep into the past\r\nFollow the aeon path\r\nGreet a blade of grass\r\nEvery endless form most beautiful\r\nAlive, aware, in awe\r\nBefore the grandeur of it all\r\nOur floating pale blue ark\r\nOf endless forms most beautiful\r\n\r\nDeep into the past\r\nFollow the aeon path\r\nGreet a blade of grass\r\nEvery endless form most beautiful\r\nAlive, aware, in awe\r\nBefore the grandeur of it all\r\nOur floating pale blue ark\r\nOf endless forms most beautiful',''),(29,3,8,'Edema Ruh','One by one we light the candles of this show\r\nOne by one, enter the theatre of the primal birth\r\nSilently watch the planetary curtain go down\r\nLaugh and rejoice, as the powerful play greets you tonight\r\n\r\nWe are the Edema Ruh\r\nWe know the songs the sirens sang\r\nSee us dream every tale true\r\nThe verse we leave with you will take you home\r\n\r\nWe\'ll give you a key to open all of the gates\r\nWe\'ll show you a sea of starlight to drown all your cares\r\nMirrorhouses, the sweetest kisses and wines\r\nA Debussy dialogue between wind and the roaring sea\r\n\r\nWe are the Edema Ruh\r\nWe know the songs the sirens sang\r\nSee us dream every tale true\r\nThe verse we leave with you will take you home\r\n\r\nDance to the whistle, to the play, to the story\r\nTo infinite encores\r\nLaugh at the royalty with sad crowns\r\nAnd repeat the chorus once more\r\n\r\nWe are the Edema Ruh\r\nWe know the songs the sirens sang\r\nSee us dream every tale true\r\nThe verse we leave with you will take you home',''),(30,3,9,'Alpenglow','Once upon a time a song was heard\r\nGiving birth to a child of Earth and verse\r\n\r\nTogether we slay another fright\r\nEvery jubjub bird, spooks of the past\r\nClose your eyes and take a peek\r\nThe truth is easy to see\r\n\r\nWe were here\r\nRoaming on the endless prairie\r\nWriting an endless story\r\nBuilding a Walden of our own\r\nWe were here\r\nGrieving the saddened faces\r\nConquering the darkest places\r\nTime to rest now and to finish the show\r\nAnd become the music, one with alpenglow\r\n\r\nHand in hand, guiding me into light\r\nYou, the fairytale guise in blue and white\r\n\r\nTogether we slay another fright\r\nEvery jubjub bird, spooks of the past\r\nClose your eyes and take a peek\r\nThe truth is easy to see\r\n\r\nWe were here\r\nRoaming on the endless prairie\r\nWriting an endless story\r\nBuilding a Walden of our own\r\nWe were here\r\nGrieving the saddened faces\r\nConquering the darkest places\r\nTime to rest now and to finish the show\r\nAnd become the music, one with alpenglow\r\n\r\nYou are my path, my home, my star\r\nA beautiful tale within the tale\r\nAnd when the dust needs to move on\r\nI will tuck us in on a bed of snow\r\nPainting white, silencing the valley we built\r\nTogether we\'ll sleep\r\nDevoured by life\r\n\r\nWe were here\r\nRoaming on the endless prairie\r\nWriting an endless story\r\nBuilding a Walden of our own\r\nWe were here\r\nGrieving the saddened faces\r\nConquering the darkest places\r\nTime to rest now and to finish the show\r\nAnd become the music, one with alpenglow\r\n\r\nWe were here\r\nRoaming on the endless prairie\r\nWriting an endless story\r\nBuilding a Walden of our own\r\nWe were here\r\nGrieving the saddened faces\r\nConquering the darkest places\r\nTime to rest now and to finish the show\r\nAnd become the music, one with alpenglow',''),(31,3,11,'The Greatest Show On Earth','[Part 1: Four Point Six]\r\n\r\nArchaean horizon\r\nThe first sunrise\r\nOn a pristine gaea\r\nOpus perfectum\r\nSomewhere there, us sleeping\r\n\r\n\"After sleeping through a hundred million centuries we have finally opened our eyes on a sumptuous planet, sparkling with color, bountiful with life.\r\nWithin decades we must close our eyes again.\r\nIsn\'t it a noble and enlightened way of spending our brief time in the sun, to work at understanding the universe and how we have come to wake up in it?\"\r\n\r\n[Part 2: Life]\r\n\r\nThe cosmic law of gravity\r\nPulled the newborns around a fire\r\nA careless cold infinity in every vast direction\r\nLonely farer in the Goldilocks zone\r\nShe has a tale to tell\r\nFrom the stellar nursery into a carbon feast\r\nEnter LUCA\r\n\r\nThe tapestry of chemistry\r\nThere\'s a writing in the garden\r\nLeading us to the mother of all\r\n\r\nWe are one\r\nWe are a universe\r\nForebears of what will be\r\nScions of the Devonian sea\r\nAeons pass\r\nWriting the tale of us all\r\nA day-to-day new opening\r\nFor the greatest show on Earth\r\n\r\nIon channels welcoming the outside world\r\nTo the stuff of stars\r\nBedding the tree of a biological holy\r\nEnter life\r\n\r\nThe tapestry of chemistry\r\nThere\'s a writing in the garden\r\nLeading us to the mother of all\r\n\r\nWe are one\r\nWe are a universe\r\nForebears of what will be\r\nScions of the Devonian sea\r\nAeons pass\r\nWriting the tale of us all\r\nA day-to-day new opening\r\nFor the greatest show on Earth\r\n\r\nWe are here to care for the garden\r\nThe wonder of birth\r\nOf every form most beautiful\r\nEvery form most beautiful\r\n\r\nWe are one\r\nWe are a universe\r\nForebears of what will be\r\nScions of the Devonian sea\r\nAeons pass writing the tale of us all\r\nA day-to-day new opening\r\nFor the greatest show on Earth\r\n\r\n[Part 3: The Toolmaker]\r\n\r\nAfter a billion years\r\nThe show is still here\r\nNot a single one of your fathers died young\r\nThe handy travelers\r\nOut of Africa\r\nLittle Lucy of the Afar\r\n\r\nGave birth to fantasy\r\nTo idolatry\r\nTo self-destructive weaponry\r\nEnter the God of gaps\r\nDeep within the past\r\nAtavistic dread of the hunted\r\n\r\nEnter Ionia, the cradle of thought\r\nThe architecture of understanding\r\nThe human lust to feel so exceptional\r\nTo rule the Earth\r\n\r\nHunger for shiny rocks\r\nFor giant mushroom clouds\r\nThe will to do just as you\'d be done by\r\nEnter history, the grand finale\r\nEnter ratkind\r\n\r\nMan, he took his time in the sun\r\nHad a dream to understand\r\nA single grain of sand\r\nHe gave birth to poetry\r\nBut one day\'ll cease to be\r\nGreet the last light of the library\r\n\r\nMan, he took his time in the sun\r\nHad a dream to understand\r\nA single grain of sand\r\nHe gave birth to poetry\r\nBut one day\'ll cease to be\r\nGreet the last light of the library\r\n\r\nMan, he took his time in the sun\r\nHad a dream to understand\r\nA single grain of sand\r\nHe gave birth to poetry\r\nBut one day\'ll cease to be\r\nGreet the last light of the library\r\n\r\nWe were here!\r\nWe were here!\r\nWe were here!\r\nWe were here!\r\n\r\n[Part 4: The Understanding]\r\n\r\n\"We are going to die, and that makes us the lucky ones. Most people are never going to die because they are never going to be born. The potential people who could have been here in my place but who will in fact never see the light of day outnumber the sand grains of Sahara. Certainly those unborn ghosts include greater poets than Keats, scientists greater than Newton. We know this because the set of possible people allowed by our DNA so massively exceeds the set of actual people. In the teeth of those stupefying odds it is you and I, in our ordinariness, that are here. We privileged few, who won the lottery of birth against all odds, how dare we whine at our inevitable return to that prior state from which the vast majority have never stirred?\"\r\n\r\n[Part 5: Sea-Worn Driftwood]\r\n\r\n\"There is grandeur in this view of life, with its several powers, having been originally breathed into a few forms or into one; and that whilst this planet has gone cycling on according to the fixed law of gravity, from so simple a beginning endless forms most beautiful and most wonderful have been, and are being, evolved.\"',''),(32,13,1,'TRACK 1 R','Take your heart into the next room.\r\nMake a scene but make sure they ain\'t there for you.\r\nYou collected their hearts, you collected it all and\r\nNow you know that it will never be enough.\r\nYou\'ve got to run.\r\n\r\nDisappointed in the places that you\'ll never (even) go.\r\nCut quick but make sure it bleeds out slow.\r\nYou\'ve created this world to give your heart a beat.\r\nYou\'ve got nothing to prove but you\'re going to prove it anyway.\r\n\r\nMy hands are almost clean.\r\nI\'ve told you everything.\r\nMy closet\'s got nothing but that does not mean the dead can\'t be seen.\r\nIt means I\'ve written it down.\r\nMy guts are on the floor and I have shoved it though the wires...\r\nI\'ve written it all before.\r\nPieces of you and pieces of me can come together.\r\nBeautiful.\r\nLet us talk.\r\n\r\nSettle down, we\'re gonna die, it\'s alright.','https://www.youtube.com/watch?v=871_0epTQF0'),(33,13,2,'TRACK 2 E','It doesn\'t matter what you say,\r\nThey could always disappear.\r\nThey\'ll fall asleep and never wake.\r\nNo one would hesitate.\r\nRecollection, fact or fiction.\r\nRevolution?\r\nChurches collapsing.\r\nFalling around me.\r\nRevolutionless?\r\n\r\nIt doesn\'t matter if you respect or believe\r\nBecause she could eat you like a full-grown disease.\r\nI don\'t know if I have room to speak but\r\nYou\'re a six foot man in the middle of a grave.\r\n\r\nI\'m not scared, I\'m just bored.\r\nI don\'t know if I can help anymore and that\'s what terrifies all of me.\r\nResurrect yourself.\r\nNever underestimate the power of change.',''),(34,13,3,'TRACK 3 G','Hey kid, don\'t listen to them.\r\nWe got a long, long way to go.\r\nAnd yes Death speaks the truth but\r\nIt\'s imagination that she lacks.\r\n\r\nMay your response be riddled with truth.\r\nMay your responses be nothing but trust.\r\n\r\nIf trust would be my lover, I\'d take her anywhere I go.\r\nWe\'d mark the wolves of the cities,\r\nOne by one,\r\nUntil our hands showed their bones and\r\nFor once Love would be immortal.\r\n\r\nAnd the rivers want to speak and\r\nThe deserts sing as well.\r\nI \"want\" too.\r\nI want a war.\r\nMaybe it is the end for us but\r\nI can\'t stand still.\r\nMake every silence worth it.',''),(35,13,4,'TRACK 4 R','Stained glass.\r\nI wish that I could say that it won\'t last.\r\nIdle hands.\r\nThe devils cup.\r\nI would lie but you won\'t believe.\r\nNostalgia will not kill the best of me.\r\nI\'m thinking out loud again, shame on me.\r\nLet\'s keep it cool.\r\nLet\'s not complicate it.\r\nI never really lost my innocence but\r\nShe quickly got rid of me.\r\n\r\nMy answer is still, \"no.\"\r\nWould you give it up,\r\nWould you let it go?\r\nAll the places that I can hide\r\nAre growing smaller every time.\r\n\r\nYour sad songs understand all my words are gone.\r\nThey put my hands to the plow and we move along.\r\nSilence is a native word\r\nBalanced upon my tongue where life and death occur.\r\nSilence will keep your feet planted upon the ground.\r\nSimply complicated.\r\n',''),(36,13,5,'TRACK 5 E','I\'ve been taken to the edge of it all.\r\nI\'ve been on the other side.\r\nI have seen the cost.\r\nMaybe I got lost.\r\nI\'ve been taken to the edge of the free.\r\nI looked across it all to see what you could see,\r\nBut that ain\'t me.\r\n\r\nI\'ve been lost, I\'ve been found\r\nAnd I\'ve been blind again.\r\nI got so close to the sun I could shake her hand,\r\nBut that ain\'t me.\r\nI now know what it is to be free,\r\nLight it all on fire and then you\'ll see...\r\nYou and me\r\n\r\nDon\'t take me away.',''),(37,13,6,'TRACK 6 T','Over thought.\r\nUndersold.\r\nI have sung every song I know.\r\nIf you knew what it means to me\r\nThat you came along and didn\'t disagree.\r\nI don\'t know when I am going to die but\r\nI have done it once and I know that in this life,\r\nKeep your eyes in the clouds,\r\nKeep your feed on the ground and\r\nDance to the drums of your own song.\r\nTake what you can from this life but\r\nThen make it all count.\r\nCelebrate it.\r\n\r\nSing a song of sixpence.\r\nDon\'t flatter yourself,\r\nDon\'t make it rich.\r\nOver thought.\r\nOver grown.\r\nOver heart.\r\nUndersold.\r\nWhat does all of it mean?\r\nSell a lot of life and some soliloquies?\r\nMy heart, must stand.\r\nPardon me while I move along.\r\nRiches unseen.\r\n\r\nProper compromise and worship.\r\n',''),(38,13,7,'TRACK 7 N','The future has seen better days.\r\nAlways, closed doors.\r\nOpen old sores.\r\nMakeshift Holy Ghost,\r\nBut I need more.\r\n\r\nIt\'s fair enough to say that I am never walking back.\r\nNever going out.\r\nNever shaking hands with lifelessness.\r\nBut I walk alone with you by my side.\r\nYou\'ve given me a thousand tries.\r\n\r\nHeadlines.\r\nHalf truths.\r\nHalf life and it\'s half used.\r\nGolden hearts,\r\nSilver tongues,\r\nSlant rhymes and I might be the only one left.\r\nI found you in the fire but you claimed that it kept you warm.\r\nMy whole though process is nothing more than what I say.\r\nI never understand the synchronization of a water down revolution.\r\nThe death of a son.\r\nThe death of a salesmen, the anointed one.\r\nSo what is there left to say?\r\nEveryone\'s given up but\r\nI was born on a different day and\r\nI drink from a different cup.\r\n',''),(39,13,8,'TRACK 8 O','Hey, I still got a lot to say.\r\nMaybe I\'m wrong.\r\nMaybe I\'m right.\r\nMaybe I can\'t give up the fight until I am gone.\r\nMy bags are packed and I\'m leaving a stranger.\r\nUnlike this moment, I will be okay.\r\nMaybe I\'m to blame, but\r\nI fear I might be singing alone...\r\nBut clouds without rain,\r\nI will never be.\r\n',''),(40,13,9,'TRACK 9 T','I can understand your hesitation but\r\nYou can\'t understand mine.\r\nI\'m hoping you hear me because I know you are blind.\r\nI want to leave hear tomorrow but I really should leave today.\r\nI can take you so far but you take my hand away.\r\nMaybe, I should know my part again.\r\nIf they take your crown away,\r\nIs that really all that makes you king?\r\nI am the brightest of black and white.',''),(41,13,10,'TRACK 10 .','Barricade all of your fears and we\'ll speak to you the truth.\r\nIf you can\'t teach me to fly,\r\nBy God teach me to sing.\r\nHeaven sent, as I watch the clouds swallow me whole.\r\nThe honky tonks have saved my heart,\r\nThey saved my soul.\r\n\r\nSail on...though she knows not of your face.\r\nThe sea is a raging mistress and\r\nFear is her maiden name.\r\n\r\nHesitation.\r\nFigure it out.\r\nStep up to the fields of the distractions.\r\nBrace yourself, for I am the overgrown.\r\nWe\'ve got nowhere to go but we are all dressed up.\r\n40 days alive.\r\nWe watched it all rise.\r\nMy thoughts,\r\nMy heart,\r\nMy fear,\r\nMy treasure,\r\nMy life,\r\nMy path,\r\nMy get-to-the-point-don\'t-make-me-wait,\r\nShake it up,\r\nI\'m restless,\r\nLess dancing.\r\n\r\nI am the troubled waters, make no mistake.\r\n\r\nHere I am, all the stars are aligned.\r\nThough I found you in a fortress,\r\nThe stars are aligned.\r\nHere I am.\r\n',''),(42,6,2,'Riverside','Down by the river by the boats\r\nWhere everybody goes to be alone\r\nWhere you won\'t see any rising sun\r\nDown to the river we will run\r\n\r\nWhen by the water we drink to the dregs\r\nLook at the stones on the river bed\r\nI can tell from your eyes\r\nYou\'ve never been by the riverside\r\n\r\nDown by the water the riverbed\r\nSomebody calls you somebody says\r\nSwim with the current and float away\r\nDown by the river everyday\r\n\r\nOh my God I see how everything is torn in the river deep\r\nAnd I don\'t know why I go the way\r\nDown by the riverside\r\n\r\nWhen that old river runs pass your eyes\r\nTo wash off the dirt on the riverside\r\nGo to the water so very near\r\nThe river will be your eyes and ears\r\n\r\nI walk to the borders on my own\r\nTo fall in the water just like a stone\r\nChilled to the marrow in them bones\r\nWhy do I go here all alone\r\n\r\n[x2:]\r\nOh my God I see how everything is torn in the river deep\r\nAnd I don\'t know why I go the way\r\nDown by the riverside\r\n\r\nOh oh, hey hey [x3]\r\n\r\nDown by the riverside [x2]','https://www.youtube.com/watch?v=vjncyiuwwXQ'),(43,6,4,'Aventine','Will you go ahead to the Aventine\r\nIn the holly red in the night\r\nDirt under my shoe from the old at heart\r\nRight under you, grinning in the dark\r\n\r\nYou carried my heart in the night\r\nTo bury the wave in the tide\r\nYou carried me onto the fields\r\n\r\nThere is a grove, there is a plot\r\nDeep in the snow, breaking your heart\r\nOne step ahead, a thousand miles\r\nA trail ablaze to the Aventine\r\n\r\nYou carried my heart in the night\r\nTo marry the wave with the tide\r\nYou carried me onto the fields\r\n\r\nYou carried my heart in the night\r\nTo bury the wave in the tide\r\nYou carried me onto the fields\r\n\r\nPlay it down, down, down...\r\nPlay it down, down, down...','https://www.youtube.com/watch?v=VBLCqJNPoBw'),(44,8,3,'Doing Time rwgjrb','The lives of some men...\r\n\r\nIf walls could talk to spill the lies.\r\nWe\'d see the world through devil\'s eyes\r\n\r\nI maintain an addiction\r\nBeen known to take it too high.\r\nI got an itch with a loaded hair trigger.\r\nAnd a one way ticket to fly\r\n\r\nWhen there\'s no writing on the wall\r\nI see the lifeless devils start to crawl\r\nI don\'t need no lessons\r\nAfter all\r\nEverybody\'s doing their time\r\n\r\nCaught your eye in the corner.\r\nDon\'t you look at me wrong\r\nFucked up and thrown into the gutter gotta fix\r\nWhat don\'t belong\r\n\r\nI see the writing on the wall\r\nI see the lifeless devils start to crawl\r\nI don\'t need no lessons\r\nAfter all\r\nEverybody\'s doing their time\r\n\r\nThat\'s just the price to play so tell me what you\'re like.\r\nGot a hand on the kerosene match tonight.\r\n\r\nHad enough of opinions\r\nI got enough on my mind\r\nSell your soul for approval and a dollar\r\nGot a pretty little body to grind\r\n\r\nI see your number on the wall\r\nI see the lifeless devils start to crawl\r\nI don\'t need no lessons\r\nWatch the fall\r\nYou\'ve lost my attention\r\nAfter all\r\nEverybody\'s doing their time\r\n\r\nTime!',''),(45,8,5,'Requiem','[Latin chants]\r\n\r\nDays of warning\r\nNight brings mourning.\r\nMy prayers - wordless.\r\nHeaven is burning down\r\n\r\nI walk stricken\r\nPitch black vision\r\nOh One, save me\r\nCaress my weary eyes\r\n\r\nDarkest Lord\r\nYour mercy shall I gain\r\nStrike the match\r\nEngulf the earth in flames, in flames, in flames, in flames\r\n\r\nNature quaking\r\nProphets aching\r\nI kneel faithful\r\nDamnation cracks the sky\r\n\r\nMy heart fiction\r\nSuperstition\r\nYour grace deathless\r\nGive life to my last breath\r\n\r\nDarkest Lord\r\nYour mercy shall I gain\r\nStrike the match\r\nEngulf the earth in flames, in flames, in flames, in flames\r\n\r\nGrant them eternal rest oh lord\r\nEmbrace them into your army of undead.\r\nStrike with vengeance those who oppose your will.\r\nAnd lay waste to all opposition sent before you.\r\nWalk with them and cure them from the blinding light of servitude.\r\nAnd devastate your enemies as they die by your hand.\r\nAmen.\r\n\r\n[Latin chants]\r\n\r\nRise from ashes\r\nViolence clashes\r\nMy soul vacant\r\nCleanse me of all this sin\r\n\r\nI stand guilty\r\nI bleed filthy\r\nBorn of fire\r\nSavor this final hour\r\n\r\nDarkest Lord\r\nYour mercy shall I gain\r\nStrike the match\r\nEngulf the earth in flames, in flames, in flames, in flames',''),(46,14,1,'Bombtrack','Ughh! \r\nHey yo, it\'s just another bombtrack...ughh!\r\nHey yo, it\'s just another bombtrack...yeah!\r\nIt goes a-1, 2, 3... \r\n\r\nHey yo, it\'s just another bombtrack\r\nAnd suckas be thinkin\' that they can fade this\r\nBut I\'m gonna drop it at a higher level\r\n\'Cause I\'m inclined to stoop down\r\nHand out some beat-downs\r\nCold runna train on punk ho\'s that\r\nThink they run the game\r\n\r\nBut I learned to burn that bridge and delete\r\nThose who compete...at a level that\'s obsolete\r\nInstead I warm my hands upon the flames of the flag\r\nAs I recall our downfall\r\nAnd the business that burned us all\r\nSee through the news and the views that twist reality\r\n\r\nEnough\r\nI call the bluff\r\nFuck Manifest destiny\r\n\r\nLandlords and power whores\r\nOn my people they took turns\r\nDispute the suits I ignite\r\nAnd then watch \'em burn\r\n\r\nWith the thoughts from a militant mind\r\nHardline, hardline after hardline\r\n\r\nLandlords and power whores\r\nOn my people they took turns\r\nDispute the suits I ignite\r\nAnd then watch \'em burn\r\n\r\nBurn, burn, yes ya gonna burn\r\nBurn, burn, yes ya gonna burn\r\nBurn, burn, yes ya gonna burn\r\nBurn, burn, yes ya gonna burn\r\n\r\nBurn, burn, yes ya gonna burn\r\nBurn, burn, yes ya gonna burn\r\nBurn, burn, yes ya gonna burn\r\nBurn, burn, yes ya gonna burn\r\n\r\nIt goes a-1, 2, 3\r\nAnother funky radical bombtrack\r\nStarted as a sketch in my notebook\r\nAnd now dope hooks make punks take another look\r\nMy thoughts ya hear and ya begin to fear\r\nThat ya card will get pulled if ya interfere\r\n\r\nWith the thoughts from a militant mind\r\nHardline, hardline after hardline\r\n\r\nLandlords and power whores\r\nOn my people they took turns\r\nDispute the suits I ignite\r\nAnd then watch \'em burn\r\n\r\nBurn, burn, yes ya gonna burn\r\nBurn, burn, yes ya gonna burn\r\nBurn, burn, yes ya gonna burn\r\nBurn, burn, yes ya gonna burn\r\nBurn, burn, yes ya gonna burn\r\nBurn, burn, yes ya gonna burn\r\nBurn, burn, yes ya gonna burn\r\nBurn, burn, yes ya gonna burn\r\nBurn!',''),(47,14,12,'Killing in the name of','now you do what they told ya',''),(48,14,3,'Take The Power Back','Bring that shit in! Uggh!\r\n\r\nYeah, the movement\'s in motion with mass militant poetry\r\nNow check this out...uggh!\r\n\r\nIn the right light, study becomes insight\r\nBut the system that dissed us\r\nTeaches us to read and right\r\n\r\nSo called facts are fraud\r\nThey want us to allege and pledge\r\nAnd bow down to their God\r\nLost the culture, the culture lost\r\nSpun our minds and through time\r\nIgnorance has taken over\r\nYo, we gotta take the power back!\r\nBam! Here\'s the plan\r\nMotherfuck Uncle Sam\r\nStep back, I know who I am\r\nRaise up your ear, I\'ll drop the style and clear\r\nIt\'s the beats and the lyrics they fear\r\nThe rage is relentless\r\nWe need a movement with a quickness\r\nYou are the witness of change\r\nAnd to counteract\r\nWe gotta take the power back\r\n\r\nYeah, we gotta take the power back\r\nCome on, come on!\r\nWe gotta take the power back\r\n\r\nThe present curriculum\r\nI put my fist in \'em\r\nEurocentric every last one of \'em\r\nSee right through the red, white and blue disguise\r\nWith lecture I puncture the structure of lies\r\nInstalled in our minds and attempting\r\nTo hold us back\r\nWe\'ve got to take it back\r\nHoles in our spirit causin\' tears and fears\r\nOne-sided stories for years and years and years\r\nI\'m inferior? Who\'s inferior?\r\nYeah, we need to check the interior\r\nOf the system that cares about only one culture\r\nAnd that is why\r\nWe gotta take the power back\r\n\r\nYeah, we gotta take the power back\r\nCome on, come on!\r\nWe gotta take the power back\r\n\r\nHey yo check, we\'re gonna have to break it, break it, \r\nbreak it down\r\nAwww shit!\r\n\r\nUggh!\r\n\r\nAnd like this...uggh!\r\n\r\nCome on, yeah! Bring it back the other way!\r\n\r\nThe teacher stands in front of the class\r\nBut the lesson plan he can\'t recall\r\nThe student\'s eyes don\'t perceive the lies\r\nBouning off every fucking wall\r\nHis composure is well kept\r\nI guess he fears playing the fool\r\nThe complacent students sit and listen to some of that\r\nBullshit that he learned in school\r\n\r\nEurope ain\'t my rope to swing on\r\nCan\'t learn a thing from it\r\nYet we hang from it\r\nGotta get it, gotta get it together then\r\nLike the motherfuckin\' weathermen\r\nTo expose and close the doors on those who try\r\nTo strangle and mangle the truth\r\n\'Cause the circle of hatred continues unless we react\r\nWe gotta take the power back\r\n\r\nYeah, we gotta take the power back\r\nCome on, come on!\r\nWe gotta take the power back\r\n\r\nNo more lies\r\nNo more lies\r\nNo more lies\r\nNo more lies\r\nNo more lies\r\nNo more lies\r\nNo more lies\r\nNo more lies\r\n\r\nUggh!\r\n\r\nYeah!\r\n\r\nTake it back y\'all\r\nTake it back, a-take it back\r\nA-take it back y\'all, come on!\r\nTake it back y\'all\r\nTake it back, a-take it back\r\nA-take it back y\'all, come on!\r\n\r\nUggh!\r\n\r\nYeah!',''),(49,14,5,'Bullet In The Head','This time the bullet cold rocked ya\r\nA yellow ribbon instead of a swastika\r\nNothin\' proper about ya propaganda\r\nFools follow rules when the set commands ya\r\nSaid it was blue\r\nWhen ya blood was read\r\nThat\'s how ya got a bullet blasted through ya head\r\n\r\nBlasted through ya head\r\nBlasted through ya head\r\n\r\nI give a shout out to the living dead\r\nWho stood and watched as the feds cold centralized\r\nSo serene on the screen\r\nYou were mesmerised\r\nCellular phones soundin\' a death tone\r\nCorporations cold\r\nTurn ya to stone before ya realise\r\nThey load the clip in omnicolour\r\nSaid they pack the 9, they fire it at prime time\r\nSleeping gas, every home was like Alcatraz\r\nAnd mutha fuckas lost their minds\r\n\r\nJust victims of the in-house drive-by\r\nThey say jump, you say how high\r\nJust victims of the in-house drive-by\r\nThey say jump, you say how high\r\n\r\nRun it!\r\n\r\nJust victims of the in-house drive-by\r\nThey say jump, you say how high\r\nJust victims of the in-house drive-by\r\nThey say jump, you say how high\r\n\r\nChecka, checka, check it out\r\nThey load the clip in omnicolour\r\nSaid they pack the 9, they fire it at prime time\r\nSleeping gas, every home was like Alcatraz\r\nAnd mutha fuckas lost their minds\r\n\r\nNo escape from the mass mind rape\r\nPlay it again jack and then rewind the tape\r\nAnd then play it again and again and again\r\nUntil ya mind is locked in\r\nBelievin\' all the lies that they\'re tellin\' ya\r\nBuyin\' all the products that they\'re sellin\' ya\r\nThey say jump and ya say how high\r\nYa brain-dead\r\nYa gotta fuckin\' bullet in ya head\r\n\r\nJust victims of the in-house drive-by\r\nThey say jump, you say how high\r\nJust victims of the in-house drive-by\r\nThey say jump, you say how high\r\n\r\nUggh! Yeah! Yea!\r\n\r\nYa standin\' in line\r\nBelievin\' the lies\r\nYa bowin\' down to the flag\r\nYa gotta bullet in ya head\r\n\r\nYa standin\' in line\r\nBelievin\' the lies\r\nYa bowin\' down to the flag\r\nYa gotta bullet in ya head\r\n\r\nA bullet in ya head \r\nA bullet in ya head\r\nA bullet in ya head\r\nA bullet in ya head\r\nA bullet in ya head\r\nA bullet in ya head\r\nA bullet in ya head\r\nA bullet in ya head\r\nA bullet in ya head!\r\nA bullet in ya head!\r\nA bullet in ya head!\r\nA bullet in ya head!\r\nA bullet in ya head!\r\nA bullet in ya head!\r\nA bullet in ya head!\r\nYa gotta bullet in ya fuckin\' head!\r\n\r\nYeah!\r\n\r\nYeah!',''),(50,15,5,'Car Radio','I ponder of something great\r\nMy lungs will fill and then deflate\r\nThey fill with fire\r\nExhale desire\r\nI know it\'s dire\r\nMy time today\r\n\r\nI have these thoughts\r\nSo often I ought\r\nTo replace that slot\r\nWith what I once bought\r\n\'Cause somebody stole\r\nMy car radio\r\nAnd now I just sit in silence\r\n\r\nSometimes quiet is violent\r\nI find it hard to hide it\r\nMy pride is no longer inside\r\nIt\'s on my sleeve\r\nMy skin will scream\r\nReminding me of\r\nWho I killed inside my dream\r\nI hate this car that I\'m driving\r\nThere\'s no hiding for me\r\nI\'m forced to deal with what I feel\r\nThere is no distraction to mask what is real\r\nI could pull the steering wheel\r\n\r\nI have these thoughts\r\nSo often I ought\r\nTo replace that slot\r\nWith what I once bought\r\n\'Cause somebody stole\r\nMy car radio\r\nAnd now I just sit in silence\r\n\r\nI ponder of something terrifying\r\n\'Cause this time there\'s no sound to hide behind\r\nI find over the course of our human existence\r\nOne thing consists of consistence\r\nAnd it\'s that we\'re all battling fear\r\nOh dear, I don\'t know if we know why we\'re here\r\nOh my,\r\nToo deep\r\nPlease stop thinking\r\nI liked it better when my car had sound\r\n\r\nThere are things we can do\r\nBut from the things that work there are only two\r\nAnd from the two that we choose to do\r\nPeace will win\r\nAnd fear will lose\r\nThere\'s faith and there\'s sleep\r\nWe need to pick one please because\r\nFaith is to be awake\r\nAnd to be awake is for us to think\r\nAnd for us to think is to be alive\r\nAnd I will try with every rhyme\r\nTo come across like I am dying\r\nTo let you know you need to try to think\r\n\r\nI have these thoughts\r\nSo often I ought\r\nTo replace that slot\r\nWith what I once bought\r\n\'Cause somebody stole\r\nMy car radio\r\nAnd now I just sit in silence\r\n\r\n(Oooh) [x4]\r\n\r\n(Oooh) [x6 & repeats in background]\r\nAnd now I just sit in silence [x2]\r\nAnd now I just sit\r\n\r\nAnd now I just sit in silence [x3]\r\nAnd now I just sit\r\n\r\nI ponder of something great\r\nMy lungs will fill and then deflate\r\nThey fill with fire\r\nExhale desire\r\nI know it\'s dire\r\nMy time today\r\n\r\nI have these thoughts\r\nSo often I ought\r\nTo replace that slot\r\nWith what I once bought\r\n\'Cause somebody stole\r\nMy car radio\r\nAnd now I just sit in silence',''),(51,15,2,'Holding On To You','I\'m taking over my body, back in control, no more shotty,\r\nI bet a lot of me was lost, Ts uncrossed and Is undotted,\r\nI fought it a lot and it seems a lot like flesh is all I got,\r\nNot anymore, flesh out the door, swat,\r\nI must\'ve forgot, you can\'t trust me,\r\nI\'m open a moment and close when you show it,\r\nBefore you know it, I\'m lost at sea,\r\nAnd now that I write and think about it,\r\nAnd the story unfolds,\r\nYou should take my life, you should take my soul.\r\n\r\nYou are surrounding all my surroundings,\r\nSounding down the mountain range of my left-side brain,\r\nYou are surrounding all my surroundings,\r\nTwisting the kaleidoscope behind both of my eyes.\r\n\r\nAnd I\'ll be holding on to you [2x]\r\n\r\nRemember the moment you know exactly where you\'re going,\r\n\'Cause the next moment, before you know it,\r\nTime is slowing and it\'s frozen still,\r\nAnd the window sill looks really nice, right?\r\nYou think twice about your life, it probably happens at night,\r\nRight? Fight it, take the pain, ignite it,\r\nTie a noose around your mind loose enough to breathe fine and tie it,\r\nTo a tree, tell it, \"You belong to me,\r\nThis ain\'t a noose, this is a leash,\r\nAnd I have news for you, you must obey me.\"\r\n\r\nYou are surrounding all my surroundings,\r\nSounding down the mountain range of my left-side brain,\r\nYou are surrounding all my surroundings,\r\nTwisting the kaleidoscope behind both of my eyes.\r\n\r\nEntertain my faith. [10x]\r\n\r\n[4x]\r\nLean with it, rock with it,\r\nWhen we gonna stop with it,\r\nLyrics that mean nothing, we were gifted with thought,\r\nIs it time to move our feet to an introspective beat,\r\nIt ain\'t the speakers that bump hearts, it\'s our hearts that make the beat.\r\n\r\nAnd I\'ll be holding on to you.\r\nAnd I\'ll be holding on to you.\r\nAnd I\'ll be holding on to you.\r\nAnd I\'ll be holding on to you.\r\nAnd I\'ll be holding on to you.\r\nAnd I\'ll be holding on to you.\r\nAnd I\'ll be holding on to you.\r\nAnd I\'ll be holding on to you!',''),(52,16,1,'Only If For A Night','',''),(53,16,2,'Shake It Out','Regrets collect like old friends\r\nHere to relive your darkest moments\r\nI can see no way, I can see no way\r\nAnd all of the ghouls come out to play\r\n\r\nAnd every demon wants his pound of flesh\r\nBut I like to keep some things to myself\r\nI like to keep my issues drawn\r\nIt\'s always darkest before the dawn\r\n\r\nAnd I\'ve been a fool and I\'ve been blind\r\nI can never leave the past behind\r\nI can see no way, I can see no way\r\nI\'m always dragging that horse around\r\n\r\nAll of his questions, such a mournful sound\r\nTonight I\'m gonna bury that horse in the ground\r\nSo I like to keep my issues drawn\r\nBut it\'s always darkest before the dawn\r\n\r\nShake it out, shake it out, shake it out, shake it out, ooh whoa\r\nShake it out, shake it out, shake it out, shake it out, ooh whoa\r\nAnd it\'s hard to dance with a devil on your back\r\nSo shake him off, oh whoa\r\n\r\nAnd I am done with my graceless heart\r\nSo tonight I\'m gonna cut it out and then restart\r\n\'Cause I like to keep my issues drawn\r\nIt\'s always darkest before the dawn\r\n\r\nShake it out, shake it out, shake it out, shake it out, ooh whoa\r\nShake it out, shake it out, shake it out, shake it out, ooh whoa\r\nAnd it\'s hard to dance with a devil on your back\r\nSo shake him off, oh whoa\r\n\r\nAnd it\'s hard to dance with a devil on your back\r\nAnd given half the chance would I take any of it back\r\nIt\'s a fine romance but it\'s left me so undone\r\nIt\'s always darkest before the dawn\r\n\r\nOh whoa, oh whoa...\r\n\r\nAnd I\'m damned if I do and I\'m damned if I don\'t\r\nSo here\'s to drinks in the dark at the end of my road\r\nAnd I\'m ready to suffer and I\'m ready to hope\r\nIt\'s a shot in the dark aimed right at my throat\r\n\'Cause looking for heaven, found the devil in me\r\nLooking for heaven, found the devil in me\r\nWell what the hell I\'m gonna let it happen to me, yeah\r\n\r\nShake it out, shake it out, shake it out, shake it out, ooh whoa\r\nShake it out, shake it out, shake it out, shake it out, ooh whoa\r\nAnd it\'s hard to dance with a devil on your back\r\nSo shake him off, oh whoa\r\n\r\nShake it out, shake it out, shake it out, shake it out, ooh whoa\r\nShake it out, shake it out, shake it out, shake it out, ooh whoa\r\nAnd it\'s hard to dance with a devil on your back\r\nSo shake him off, oh whoa',''),(54,14,6,'Know You Enemy','Huh!\r\nYeah, we\'re comin\' back then with another bombtrack\r\nThink ya know what it\'s all about\r\nHuh!\r\nHey yo, so check this out\r\nYeah!\r\nKnow your enemy!\r\nCome on!\r\n\r\nBorn with insight and a raised fist\r\nA witness to the slit wrist, that\'s with\r\nAs we move into \'92\r\nStill in a room without a view\r\nYa got to know\r\nYa got to know\r\nThat when I say go, go, go\r\nAmp up and amplify\r\nDefy\r\nI\'m a brother with a furious mind\r\nAction must be taken\r\nWe don\'t need the key\r\nWe\'ll break in\r\n\r\nSomething must be done\r\nAbout vengeance, a badge and a gun\r\n\'Cause I\'ll rip the mike, rip the stage, rip the system\r\nI was born to rage against \'em\r\n\r\nFist in ya face, in the place\r\nAnd I\'ll drop the style clearly\r\nKnow your enemy...Know your enemy!\r\nYeah!\r\n\r\nHey yo, and dick with this...uggh!\r\nWord is born\r\nFight the war, fuck the norm\r\nNow I got no patience\r\nSo sick of complacence\r\nWith the D the E the F the I the A the N the C the E\r\nMind of a revolutionary\r\nSo clear the lane\r\nThe finger to the land of the chains\r\nWhat? The land of the free?\r\nWhoever told you that is your enemy?\r\n\r\nNow something must be done\r\nAbout vengeance, a badge and a gun\r\n\'Cause I\'ll rip the mike, rip the stage, rip the system\r\nI was born to rage against \'em\r\n\r\nNow action must be taken\r\nWe don\'t need the key\r\nWe\'ll break in\r\n\r\nI\'ve got no patience now\r\nSo sick of complacence now\r\nI\'ve got no patience now\r\nSo sick of complacence now\r\nSick of sick of sick of sick of you\r\nTime has come to pay...\r\nKnow your enemy!\r\n\r\nCome on!\r\nYes I know my enemies\r\nThey\'re the teachers who taught me to fight me\r\nCompromise, conformity, assimilation, submission\r\nIgnorance, hypocrisy, brutality, the elite\r\nAll of which are American dreams (8 times)\r\nAll of which are American dreams\r\nAll of which are American dreams\r\nAll of which are American dreams\r\nAll of which are American dreams\r\nAll of which are American dreams\r\nAll of which are American dreams\r\nAll of which are American dreams\r\n','https://www.youtube.com/watch?v=4smim2MNvF8'),(55,9,1,'Nightmare','\"Nightmare\"\r\n\r\nNightmare!\r\n(Now your nightmare comes to life)\r\n\r\nDragged ya down below\r\nDown to the devil\'s show\r\nTo be his guest forever\r\n(Peace of mind is less than never)\r\nHate to twist your mind\r\nBut God ain\'t on your side\r\nAnd old acquaintance severed\r\n(Burn the world your last endeavor)\r\n\r\nFlesh is burning\r\nYou can smell it in the air\r\nCause men like you have\r\nSuch an easy soul to steal (steal)\r\nSo stand in line while\r\nThey ink numbers in your head\r\nYou\'re now a slave\r\nUntil the end of time here\r\nNothing stops the madness,\r\nTurning, haunting, yearning\r\nPull the trigger\r\n\r\nYou should have known\r\nThe price of evil\r\nAnd it hurts to know\r\nThat you belong here, yeah\r\nOoh, it\'s your fuckin\' nightmare\r\n\r\n(While your nightmare comes to life)\r\n\r\nCan\'t wake up in sweat\r\n\'Cause it ain\'t over yet\r\nStill dancing with your demons\r\n(Victim of your own creation)\r\nBeyond the will to fight\r\nWhere all that\'s wrong is right\r\nWhere hate don\'t need a reason\r\n(Loathing self-assassination)\r\n\r\nYou\'ve been lied to\r\nJust to rape you of your sight\r\nAnd now they have the nerve\r\nTo tell you how to feel (feel)\r\nSo sedated as they\r\nMedicate your brain\r\nAnd while you slowly\r\nGo insane they tell ya\r\n\"Given with the best intentions\r\nHelp you with your complications\"\r\n\r\nYou should have known\r\nThe price of evil\r\nAnd it hurts to know\r\nThat you belong here, yeah\r\nNo one to call\r\nEverybody to fear\r\nYour tragic fate is looking so clear, yeah\r\nOoh, it\'s your fuckin\' nightmare\r\n\r\n[M. Shadows laughing]\r\n\r\nFight (fight)\r\nNot to fail (fail)\r\nNot to fall (fall)\r\nOr you\'ll end up like the others\r\nDie (die)\r\nDie again (die)\r\nDrenched in sin (sin)\r\nWith no respect for another\r\n\r\nOh\r\n\r\nDown (down)\r\nFeel the fire (fire)\r\nFeel the hate (hate)\r\nYour pain is what we desire\r\nLost (lost)\r\nHit the wall (wall)\r\nWatch you crawl (crawl)\r\nSuch a replaceable liar\r\n\r\nAnd I know you hear their voices\r\nCalling from above\r\nAnd I know they may seem real\r\nThese signals of love\r\nBut our life\'s made up of choices\r\nSome without appeal\r\nThey took for granted your soul\r\nAnd it\'s ours now to steal\r\n\r\n(As your nightmare comes to life)\r\n\r\nYou should have known\r\nThe price of evil\r\nAnd it hurts to know\r\nThat you belong here, yeah\r\nNo one to call\r\nEverybody to fear\r\nYour tragic fate is looking so clear, yeah\r\nOoh, it\'s your fuckin\' nightmare','https://www.youtube.com/watch?v=94bGzWyHbu0'),(56,9,2,'Welcome to the Family','Hey kid (hey kid), do I have your attention?\r\nI know the way you\'ve been livin\'\r\nLife so reckless,\r\nTragedy endless\r\nWelcome to the family\r\n\r\nHey, there\'s somethin\' missin\'\r\nOnly time will alter your vision\r\nNever in question,\r\nLethal injection\r\nWelcome to the family\r\n\r\nNot long ago you\'d find the answers were so crystal clear\r\nWithin a day you find yourself livin\' in constant fear\r\nCan you look at yourself now?\r\nCan you look at yourself?!\r\nYou can\'t win this fight\r\n\r\nAnd in a way it seems there\'s no one to call\r\nWhen our thoughts are so numb and our feelings unsure\r\nWe all have emptiness inside\r\nWe all have answers to find\r\nBut you can\'t win this fight\r\n\r\nHey (hey kid), I have to question,\r\nWhat\'s with the violent aggression?\r\nDetails blurry,\r\nLost \'em too early\r\nWelcome to the family\r\n\r\nHey, why won\'t you listen?\r\nCan\'t help the people you\'re missin\'\r\nIt\'s been done,\r\nA casualty rerun\r\nWelcome to the family\r\n\r\nI\'ll try and help you with the things that can\'t be justified\r\nI need to warn you that there is no way to rationalize\r\nSo have you figured it out now?\r\nSo have you figured it out?!\r\nYou can\'t win this fight\r\n\r\nAnd in a way it seems there\'s no one to call\r\nWhen our thoughts are so numb and our feelings unsure\r\nWe all have emptiness inside\r\nWe all have answers to find\r\nBut you can\'t win this fight\r\n\r\nGunning for you\r\nAnd all mankind\r\nI\'ve lost my mind\r\nPsychotic, rapid dementia\r\nI won\'t be fine\r\n\r\nI see, you\'re a king who\'s been dethroned (been dethroned)\r\nCast out in a world you\'ve never known (never known)\r\nStand down, place your weapons by your side (by your side)\r\nIt\'s our war, in the end we\'ll surely lose but that\'s alright (you\'ll surely lose to me)\r\n\r\nSo have you figured it out now?\r\nSo have you figured it out?!\r\n\r\nAnd in a way it seems there\'s no one to call\r\nWhen our thoughts are so numb and our feelings unsure\r\nWe all have emptiness inside\r\nWe all have answers to find\r\nBut you can\'t win this fight\r\n\r\n[2x]\r\nDeep inside\r\nWhere nothing\'s fine\r\nI lost my mind\r\nYou\'re not invited\r\nSo step aside\r\nI lost my\r\n','https://www.youtube.com/watch?v=QLoNbArsQP0'),(57,5,4,'Brompton Cocktail','(Out of time...)\r\nDoc, I\'m dying, I\'m feeling compromised (feeling compromised)\r\nAnd so dehumanized (and so dehumanized)\r\nI lost my final fight to disease, I feel that this is where it ends\r\nI need that shot to enter my vein\r\nMy Brompton Cocktail blend\r\n\r\n\'Cause I can\'t feel my face\r\nI won\'t struggle on\r\nIn a world so cold\r\nIn a world so wrong\r\n\r\nI\'m not running away, been fighting this so long (so long)\r\nSuch a price that we pay, we gotta be so strong\r\nIn a lie...\r\n\r\nI\'m tired, induced euphoria (induced euphoria)\r\nTo help me move along (help me move along)\r\nI wanna meet my maker in peace, I want to feel alive again\r\nSo put that smile back on my face and mix it strong my friend\r\n\r\n\'Cause I can\'t feel my face\r\nI won\'t struggle on\r\nIn a world so cold\r\nIn a world so wrong\r\n\r\nI\'m not running away, been fighting this so long (so long)\r\nSuch a price that we pay, we gotta be so strong\r\nAnd I take my life tonight \'cause I have the right to die how I wanna\r\nAnd leave how I arrived, so alive\r\n\r\nI believe my sins have been forgiven\r\nAnd I believe my choice will save me from this life\r\nPlease don\'t question why\r\nMy sins have been forgotten\r\nI believe I\'ll find peace in afterlife\r\nPlease don\'t question why\r\nI left this way\r\n\r\n\'Cause I can\'t feel my face\r\nI won\'t struggle on\r\nIn a world so cold\r\nIn a world so wrong\r\n\r\nI\'m not running away, been fighting this so long (so long)\r\nSuch a price that we pay, we gotta be so strong\r\nAnd I take my life tonight \'cause I have the right to die how I wanna\r\nAnd leave how I arrived, so alive\r\n(Alive)\r\n','https://www.youtube.com/watch?v=fIJ6FnJ29lI'),(58,7,5,'The Curse','And the people went...',''),(59,7,6,'Pass them by','jrvfdjnv jbjb jk',''),(60,7,6,'Pass them by','jrvfdjnv jbjb jk',''),(61,7,6,'Pass them by','jrvfdjnv jbjb jk',''),(62,7,6,'Pass them by','We come together, here we go\r\nAround the fire, here we go\r\nFlaming higher, here we go\r\nTo my surprise a fever grows\r\n\r\nLamps will glimmer on the gloom\r\nPrey on the light in the room\r\nAs we fill it to the brim\r\nWe say the words we take them in\r\n\r\nOh how the hills were laughing\r\nHow the creeks they cried\r\nHow the grass would cheer on\r\nAs we passed them by\r\n\r\nRoom for many, room for few\r\nHere in the dark I made for you\r\nOh why do I hear you and believe\r\nThat we come together to make it sweet\r\n\r\nOh how the hills were laughing\r\nHow the creeks they cried\r\nHow the grass would cheer on\r\nAs we passed them by','https://www.youtube.com/watch?v=ELfqgI-X3yA'),(63,19,1,'Yellow','Look at the stars,\r\nLook how they shine for you,\r\nAnd everything you do,\r\nYeah, they were all yellow.\r\n\r\nI came along,\r\nI wrote a song for you,\r\nAnd all the things you do,\r\nAnd it was called \"Yellow\".\r\n\r\nSo then I took my turn,\r\nOh what a thing to have done,\r\nAnd it was all yellow.\r\n\r\nYour skin,\r\nOh yeah your skin and bones,\r\nTurn into\r\nSomething beautiful,\r\nDo you know,\r\nYou know I love you so,\r\nYou know I love you so.\r\n\r\nI swam across,\r\nI jumped across for you,\r\nOh what a thing to do.\r\n\'Cause you were all yellow,\r\n\r\nI drew a line,\r\nI drew a line for you,\r\nOh what a thing to do,\r\nAnd it was all yellow.\r\n\r\nYour skin,\r\nOh yeah your skin and bones,\r\nTurn into\r\nSomething beautiful,\r\nDo you know,\r\nFor you I\'d bleed myself dry,\r\nFor you I\'d bleed myself dry.\r\n\r\nIt\'s true,\r\nLook how they shine for you,\r\nLook how they shine for you,\r\nLook how they shine for,\r\nLook how they shine for you,\r\nLook how they shine for you,\r\nLook how they shine.\r\n\r\nLook at the stars,\r\nLook how they shine for you,\r\nAnd all the things that you do.','https://www.youtube.com/watch?v=yKNxeF4KMsY'),(64,17,2,'Bulls On Parade','The microphone explodes,\r\nShattering the mold...\r\n\r\nRally round the family...',''),(65,14,6,'Wake Up','Waaaaake Up',' ');
/*!40000 ALTER TABLE `tracks` ENABLE KEYS */;
UNLOCK TABLES;

--
-- Table structure for table `users`
--

DROP TABLE IF EXISTS `users`;
/*!40101 SET @saved_cs_client     = @@character_set_client */;
/*!40101 SET character_set_client = utf8 */;
CREATE TABLE `users` (
  `user_id` int(11) NOT NULL AUTO_INCREMENT,
  `username` varchar(32) DEFAULT NULL,
  `password` varchar(256) DEFAULT NULL,
  `email` varchar(64) DEFAULT NULL,
  `user_type` int(11) NOT NULL DEFAULT '1',
  `fname` varchar(32) DEFAULT NULL,
  `lname` varchar(32) DEFAULT NULL,
  `active` tinyint(1) NOT NULL DEFAULT '0',
  `image_url` varchar(64) DEFAULT NULL,
  PRIMARY KEY (`user_id`),
  UNIQUE KEY `email` (`email`)
) ENGINE=InnoDB AUTO_INCREMENT=14 DEFAULT CHARSET=utf8;
/*!40101 SET character_set_client = @saved_cs_client */;

--
-- Dumping data for table `users`
--

LOCK TABLES `users` WRITE;
/*!40000 ALTER TABLE `users` DISABLE KEYS */;
INSERT INTO `users` VALUES (1,'dleger','$5$rounds=535000$.duCwBioYpArgrl4$4xT8BWix2z3L6Rrf9mnAdcxL7.QOAEQr4/qgBSisl74','davidleger95@me.com',1,NULL,NULL,0,NULL),(2,'Brennan MacLean','$5$rounds=535000$nrVr8Zxs9ACV8Kdc$DJj4KhKye6CDsVc1NmTVP4xTNKpwxYIi9yMKRuc2Vr9','bmaclea4@unb.ca',1,NULL,NULL,0,NULL),(3,'sanderman','$5$rounds=535000$U9FwOA9c4QC3bYBf$UjYjcnp0p6NwCZeyvavAEZGd0Q66g2qsDvbPz.4Vbx5','smanley@unb.ca',1,NULL,NULL,0,NULL),(4,'rory','$5$rounds=535000$8Nzf/jWGeo8Q.lkr$Hl4gfzLHF0LSDSH6R4vIUBIVqwtNNhIXuzdFLaBpOC7','rchisholm@unb.ca',1,NULL,NULL,0,NULL),(5,'elliot','$5$rounds=535000$.PfgMLQiv8jHkgZ/$zp5RX7Tk6Y4HP4NGdRdfGGQIOhGLQn2VLXbs9cqN8Q9','ejardine@unb.ca',1,NULL,NULL,0,NULL),(6,'davidleger','$5$rounds=535000$dFjHnUYB4lwqUkL7$6weh0wlrXToXh2xcQYMnVy9sQl0ogsjKMp2KedBISKD','dleger@unb.ca',1,NULL,NULL,0,'user_img6.jpg'),(7,'Andrea Mayo','$5$rounds=535000$LXI3iz3VeWP2b0ed$Wiyi8ee4vlyBFTQ79Zg7d9RM0MhkH5Qm3ht5q5j9VNC','amayo@unb.ca',1,NULL,NULL,0,NULL),(8,'tim','$5$rounds=535000$/vTxaevORrRVKcFS$PNhRmEg1.FCVuAKFiB1n3R8kHNduI33wR9OSWOR.J.2','tsonier@unb.ca',1,NULL,NULL,0,NULL),(9,'alex','$5$rounds=535000$.ig2Ih2X/hwlgJxG$2WNSjMlBMCbLFq7JhyRfBvQMaJpKRoqEzRz7T3B2vN1','astorey@unb.ca',1,NULL,NULL,0,NULL),(10,'test','$5$rounds=535000$jjqwdtOGzauR6CRR$gQ8CrcCQ1kvNkxX0d48DV52cYC7Neh4EzecLAnej368','test@unb.ca',1,NULL,NULL,0,NULL),(11,'test2','$5$rounds=535000$zR.n2cv78s2eMKtx$LSuf6kt/hgY6PdI0Y9dYoXkRPgm5KCGew7.uBVKCI13','test2@unb.ca',1,NULL,NULL,0,NULL),(12,'wightman','$5$rounds=535000$T6R6T5/p7ntCNsOY$49pn6c9HJmzZ04GCRXHJszvvJVvnsZkS2Nu8EgUyfC5','wightman@unb.ca',1,NULL,NULL,0,'wightman.jpg'),(13,'test3','$5$rounds=535000$5dJElZAZPbviV97n$KI2ECf/n/slH8y.ScNspzdyVlwHrSXx4DFeX3PtmGz5','test@test.test',1,NULL,NULL,0,NULL);
/*!40000 ALTER TABLE `users` ENABLE KEYS */;
UNLOCK TABLES;
/*!40103 SET TIME_ZONE=@OLD_TIME_ZONE */;

/*!40101 SET SQL_MODE=@OLD_SQL_MODE */;
/*!40014 SET FOREIGN_KEY_CHECKS=@OLD_FOREIGN_KEY_CHECKS */;
/*!40014 SET UNIQUE_CHECKS=@OLD_UNIQUE_CHECKS */;
/*!40101 SET CHARACTER_SET_CLIENT=@OLD_CHARACTER_SET_CLIENT */;
/*!40101 SET CHARACTER_SET_RESULTS=@OLD_CHARACTER_SET_RESULTS */;
/*!40101 SET COLLATION_CONNECTION=@OLD_COLLATION_CONNECTION */;
/*!40111 SET SQL_NOTES=@OLD_SQL_NOTES */;

-- Dump completed on 2015-12-07 22:10:12
